data_ld_E,data_pv,pxGrid
0.19928,0,0.1
0.19714,0,0.1
0.1961,0,0.1
0.20007,0,0.1
0.21283,0.0038314,0.1
0.24166,0.018764,0.1
0.28758,0.070853,0.1
0.3848,0.18369,0.1
0.49583,0.32953,0.2
0.54572,0.42921,0.2
0.52874,0.50631,0.2
0.48478,0.53036,0.2
0.45927,0.51491,0.2
0.47903,0.4384,0.2
0.50448,0.34819,0.2
0.51496,0.2036,0.2
0.49822,0.091426,0.2
0.44126,0.026731,0.2
0.35577,0.0069831,0.2
0.27974,0,0.2
0.23287,0,0.2
0.21636,0,0.2
0.20901,0,0.2
0.2033,0,0.2
